ID,country,trusthealth,sickwithCOVID,vaccine,age,education,fake_edu,gender,income,language,vacc2,covidcases,coviddeaths,mortalityperm,trustngov,poptrusthealth
204,1,1,2,3, , , , ,1600, ,1,99853,8254,219,0.649999976,0.80763793
565,1,1,2,3, , , , ,8000, ,1,99853,8254,219,0.649999976,0.80763793
1218,1,0,2,3, , , , ,3000, ,1,48490,4007,227,0.49000001,0.357624829
2139,1,1,2,3, , , , ,1000, ,1,190179,8927,107,0.540000021,0.853185594
2276,1,1,2,1, , , , ,5000, ,1,190179,8927,107,0.540000021,0.853185594
2783,1,1,2,3, , , , ,4200, ,1,190179,8927,107,0.540000021,0.853185594
2826,1,1,2,3, , , , ,6500, ,1,190179,8927,107,0.540000021,0.853185594
2828,1,1,2,3, , , , ,6500, ,1,190179,8927,107,0.540000021,0.853185594
3778,1,0,2,2, , , , ,30000, ,2,159793,19080,148,0.370000005,0.54649502
5007,1,0,2,3, , , , ,7000, ,1,30701,1286,34,0.560000002,0.483483493
5303,1,1,2,2, , , , ,5000, ,1,30701,1286,34,0.560000002,0.483483493
6341,1,1,2,3, , , , ,250, ,1,41216,26,4,0.74000001,0.838449121
6925,1,1,2,3, , , , ,1000, ,1,80412,1674,28,0.419999987,0.912234068
7374,1,1,2,3, , , , ,16000, ,1,80412,1674,28,0.419999987,0.912234068
7569,1,1,2,3, , , , ,9000, ,1,80412,1674,28,0.419999987,0.912234068
10141,1,1,1,2, , , , ,10000, ,2,299251,42153,621,0.50999999,0.66015625
10441,1,0,2,1, , , , ,2500, ,2,299251,42153,621,0.50999999,0.66015625
10487,1,0,2,2, , , , ,1, ,2,2234475,119941,362,0.469999999,0.624838293
10967,1,1,1,3, , , , ,55000, ,2,2234475,119941,362,0.469999999,0.624838293
11017,1,1,1,3, , , , ,75, ,1,2234475,119941,362,0.469999999,0.624838293
11184,1,1,1,3, , , , ,47000, ,1,2234475,119941,362,0.469999999,0.624838293
11643,1,1,2,3, , , , ,15000, ,1,83293,4634,58,0,0.983146071
12409,1,1,2,3, , , , ,10, ,2,660309,46665,220,0.150000006,0.451882839
13113,1,1,1,3, , , , ,80000, ,1,367963,12272,9,0.769999981,0.909703493
13114,1,1,2,3, , , , ,80000, ,1,367963,12272,9,0.769999981,0.909703493
13115,1,1,1,3, , , , ,80000, ,1,367963,12272,9,0.769999981,0.909703493
13123,1,1,2,3, , , , ,800000, ,1,367963,12272,9,0.769999981,0.909703493
13239,1,1,1,1, , , , ,25, ,2,367963,12272,9,0.769999981,0.909703493
13335,1,1,1,3, , , , ,40000, ,1,367963,12272,9,0.769999981,0.909703493
13346,1,1,2,3, , , , ,50000, ,1,367963,12272,9,0.769999981,0.909703493
13348,1,1,2,3, , , , ,50000, ,1,367963,12272,9,0.769999981,0.909703493
5,1,1,2,3,1,3,1,2,0,3,1,99853,8254,219,0.649999976,0.80763793
6,1,1,2,3,1,4,1,1,1,3,1,99853,8254,219,0.649999976,0.80763793
7,1,1,1,2,2,1,1,2,1,3,2,99853,8254,219,0.649999976,0.80763793
8,1,1,2,3,1,4,1,1,1,3,1,99853,8254,219,0.649999976,0.80763793
9,1,0,2,2,4,2,1,2,1,3,2,99853,8254,219,0.649999976,0.80763793
10,1,0,2,1,3,1,1,2,1,3,2,99853,8254,219,0.649999976,0.80763793
11,1,1,2,1,3,1,1,2,1,3,2,99853,8254,219,0.649999976,0.80763793
12,1,0,2,3,2,1,1,1,1,3,1,99853,8254,219,0.649999976,0.80763793
13,1,1,1,3,1,3,1,2,1,3,1,99853,8254,219,0.649999976,0.80763793
14,1,1,1,3,2,3,1,2,1,3,1,99853,8254,219,0.649999976,0.80763793
15,1,1,2,3,1,3,1,2,1,3,1,99853,8254,219,0.649999976,0.80763793
16,1,1,2,1,4,1,1,1,1,3,2,99853,8254,219,0.649999976,0.80763793
70,1,1,2,2,3,2,1,2,2,3,2,99853,8254,219,0.649999976,0.80763793
71,1,1,2,2,4,2,1,1,2,3,2,99853,8254,219,0.649999976,0.80763793
107,1,1,2,1,1,1,1,1,3,3,2,99853,8254,219,0.649999976,0.80763793
162,1,0,2,3,3,3,1,1,5,3,2,99853,8254,219,0.649999976,0.80763793
205,1,1,2,3,1,4,1,1,I don't know,1,1,99853,8254,219,0.649999976,0.80763793
208,1,1,2,1,2,2,2,2,1,3,2,99853,8254,219,0.649999976,0.80763793
209,1,1,1,3,2,3,2,1,1,3,1,99853,8254,219,0.649999976,0.80763793
210,1,1,3,3,3,4,2,2,1,3,1,99853,8254,219,0.649999976,0.80763793
239,1,0,2,1,3,2,2,2,2,3,2,99853,8254,219,0.649999976,0.80763793
240,1,0,3,1,4,2,2,2,2,3,2,99853,8254,219,0.649999976,0.80763793
262,1,1,1,3,3,2,2,1,3,3,1,99853,8254,219,0.649999976,0.80763793
274,1,1,2,2,2,2,2,2,4,3,2,99853,8254,219,0.649999976,0.80763793
317,1,1,2,1,2,2,2,2,9,3,2,99853,8254,219,0.649999976,0.80763793
322,1,1,2,3,2,4,2,1,-----,1,1,99853,8254,219,0.649999976,0.80763793
332,1,1,2,3,3,4,2,1,0,1,1,99853,8254,219,0.649999976,0.80763793
333,1,1,2,3,2,4,2,2,0,1,1,99853,8254,219,0.649999976,0.80763793
334,1,0,3,2,1,2,2,1,1,3,2,99853,8254,219,0.649999976,0.80763793
335,1,1,2,2,2,2,2,2,1,3,2,99853,8254,219,0.649999976,0.80763793
336,1,1,1,2,2,2,2,1,1,3,2,99853,8254,219,0.649999976,0.80763793
337,1,0,2,3,3,2,2,2,1,3,1,99853,8254,219,0.649999976,0.80763793
338,1,1,2,3,4,2,2,1,1,3,1,99853,8254,219,0.649999976,0.80763793
339,1,0,2,1,4,2,2,1,1,3,2,99853,8254,219,0.649999976,0.80763793
387,1,0,1,2,2,2,2,2,2,3,2,99853,8254,219,0.649999976,0.80763793
388,1,1,1,1,2,2,2,1,2,3,2,99853,8254,219,0.649999976,0.80763793
423,1,0,2,3,2,2,2,1,3,3,1,99853,8254,219,0.649999976,0.80763793
424,1,1,2,1,3,1,2,2,3,3,2,99853,8254,219,0.649999976,0.80763793
456,1,1,1,3,2,3,2,2,4,3,1,99853,8254,219,0.649999976,0.80763793
540,1,1,1,1,1,2,2,1,7,3,2,99853,8254,219,0.649999976,0.80763793
585,1,1,2,3,2,2,2,2, ,3,1,99853,8254,219,0.649999976,0.80763793
588,1,0,2,1,1,1,3,1,1,3,2,99853,8254,219,0.649999976,0.80763793
589,1,0,2,1,2,3,3,1,1,3,2,99853,8254,219,0.649999976,0.80763793
620,1,0,2,2,2,3,3,2,3,3,2,99853,8254,219,0.649999976,0.80763793
644,1,1,1,1,2,3,3,1,5,3,2,99853,8254,219,0.649999976,0.80763793
681,1,0,2,3,2,3,3,1,n/a,3,1,99853,8254,219,0.649999976,0.80763793
682,1,1,2,3,2,3,3,1,n/a,1,1,99853,8254,219,0.649999976,0.80763793
683,1,0,2,3,2,3,3,1,prefer not to say,1,1,99853,8254,219,0.649999976,0.80763793
684,1,0,2,3,2,4,4,4,1,3,1,99853,8254,219,0.649999976,0.80763793
691,1,0,3,3,2,4,4,1,2,3,1,99853,8254,219,0.649999976,0.80763793
693,1,1,1,2,2,4,4,2,3,3,2,99853,8254,219,0.649999976,0.80763793
694,1,1,2,3,1,4,4,1,4,3,1,99853,8254,219,0.649999976,0.80763793
703,1,0,2,2,3,4,4,2,7,3,2,99853,8254,219,0.649999976,0.80763793
708,1,1,2,1,1,1, ,2,-,4,2,48490,4007,227,0.49000001,0.357624829
709,1,0,3,2,1,1, ,1,$$$,4,2,48490,4007,227,0.49000001,0.357624829
714,1,1,2,3,1,3, ,1,0,4,1,48490,4007,227,0.49000001,0.357624829
715,1,0,2,3,1,4, ,2,0,4,1,48490,4007,227,0.49000001,0.357624829
716,1,0,2,3,1,1, ,1,0,4,1,48490,4007,227,0.49000001,0.357624829
717,1,1,2,1,1,1, ,2,0,4,2,48490,4007,227,0.49000001,0.357624829
718,1,0,2,3,2,1, ,2,0,4,1,48490,4007,227,0.49000001,0.357624829
719,1,0,2,3,2,1, ,2,0,4,1,48490,4007,227,0.49000001,0.357624829
720,1,1,2,1,1,2, ,2,0,4,2,48490,4007,227,0.49000001,0.357624829
721,1,0,2,3,1,2, ,1,0,4,1,48490,4007,227,0.49000001,0.357624829
722,1,0,2,2,2,1, ,2,0,4,2,48490,4007,227,0.49000001,0.357624829
723,1,0,2,1,3,1, ,1,1,4,2,48490,4007,227,0.49000001,0.357624829
724,1,0,2,2,2,1, ,1,1,4,2,48490,4007,227,0.49000001,0.357624829
725,1,1,2,3,1,1, ,1,1 dolar,4,1,48490,4007,227,0.49000001,0.357624829
787,1,0,3,2,2,1, ,1,2,4,2,48490,4007,227,0.49000001,0.357624829
1029,1,1,1,1,1,1, ,2,7,4,2,48490,4007,227,0.49000001,0.357624829
1030,1,1,2,1,4,1, ,2,7,4,2,48490,4007,227,0.49000001,0.357624829
1063,1,1,2,1,2,1, ,1,Ahorita ninguno porque nos quedamos sin trabajo,4,2,48490,4007,227,0.49000001,0.357624829
1064,1,0,2,2,1,1, ,4,Chupalo,4,2,48490,4007,227,0.49000001,0.357624829
1065,1,1,2,2,2,1, ,2,De un 6 de 7,4,2,48490,4007,227,0.49000001,0.357624829
1066,1,0,2,2,1,1, ,2,Dolaraso,4,2,48490,4007,227,0.49000001,0.357624829
1067,1,0,2,3,1,3, ,1,Los nogales,4,1,48490,4007,227,0.49000001,0.357624829
1068,1,1,2,1,4,1, ,2,nada,4,2,48490,4007,227,0.49000001,0.357624829
1069,1,1,2,2,4,1, ,1,Nada yo soy la dueña,4,2,48490,4007,227,0.49000001,0.357624829
1070,1,1,1,1,4,1, ,1,ninguna,4,2,48490,4007,227,0.49000001,0.357624829
1071,1,0,3,2,1,1, ,2,No lo sé,4,2,48490,4007,227,0.49000001,0.357624829
1072,1,1,2,2,1,1, ,2,No se,4,2,48490,4007,227,0.49000001,0.357624829
1073,1,1,2,2,1,1, ,2,No se,4,2,48490,4007,227,0.49000001,0.357624829
1074,1,1,3,2,2,1, ,2,No se,4,2,48490,4007,227,0.49000001,0.357624829
1075,1,1,2,3,1,3, ,1,No tenemos,4,1,48490,4007,227,0.49000001,0.357624829
1076,1,1,2,3,2,3, ,1,Nolose la verdad,4,1,48490,4007,227,0.49000001,0.357624829
1077,1,1,1,1,4,1, ,2,Orqquedias,4,2,48490,4007,227,0.49000001,0.357624829
1078,1,1,3,2,2,1, ,2,unmilllon,4,2,48490,4007,227,0.49000001,0.357624829
1080,1,0,3,3,2,2, ,1,0,4,1,48490,4007,227,0.49000001,0.357624829
1081,1,1,2,3,2,4, ,1,1,4,1,48490,4007,227,0.49000001,0.357624829
1082,1,0,2,1,2,1, ,1,1,4,2,48490,4007,227,0.49000001,0.357624829
1137,1,0,2,3,2,2, ,1,12345678,4,1,48490,4007,227,0.49000001,0.357624829
1268,1,1,3,3,2,2, ,4,5,4,1,48490,4007,227,0.49000001,0.357624829
1353,1,1,3,3,2,3, ,2,nada,4,1,48490,4007,227,0.49000001,0.357624829
1354,1,1,2,3,2,4, ,1,No tienen empleo,4,1,48490,4007,227,0.49000001,0.357624829
1355,1,0,2,2,1,3, ,1,No trabajo Aún,4,2,48490,4007,227,0.49000001,0.357624829
1356,1,1,1,3,1,4, ,2,1,4,1,48490,4007,227,0.49000001,0.357624829
1357,1,0,2,1,2,1, ,2,1,4,2,48490,4007,227,0.49000001,0.357624829
1358,1,0,1,3,2,3, ,1,1,4,1,48490,4007,227,0.49000001,0.357624829
1443,1,0,3,3,2,3, ,2, ,4,1,48490,4007,227,0.49000001,0.357624829
1444,1,0,2,3,1,4, ,1,no lose,4,1,48490,4007,227,0.49000001,0.357624829
1445,1,1,2,2,1,3, ,2,No se,4,2,48490,4007,227,0.49000001,0.357624829
1446,1,1,2,3,2,3, ,2,Nolose,4,1,48490,4007,227,0.49000001,0.357624829
1447,1,1,2,2,1,3, ,2,Nose,4,2,48490,4007,227,0.49000001,0.357624829
1448,1,0,3,3,2,3, ,2,Quédate en casa,4,1,48490,4007,227,0.49000001,0.357624829
1449,1,1,2,3,1,4, ,2,0,3,1,158174,29575,453,0.460000008,0.563527644
1450,1,1,3,3,1,3, ,2,0,3,1,158174,29575,453,0.460000008,0.563527644
1451,1,1,2,2,1,1, ,1,0,3,2,158174,29575,453,0.460000008,0.563527644
1452,1,1,2,3,1,1, ,2,0,3,1,158174,29575,453,0.460000008,0.563527644
1453,1,0,2,1,1,1, ,1,0,3,2,158174,29575,453,0.460000008,0.563527644
1454,1,0,2,1,1,1, ,2,0,3,2,158174,29575,453,0.460000008,0.563527644
1455,1,1,2,2,1,1, ,2,0,3,2,158174,29575,453,0.460000008,0.563527644
1456,1,1,2,3,1,4, ,1,0,3,1,158174,29575,453,0.460000008,0.563527644
1457,1,0,2,3,2,4, ,1,0,3,1,158174,29575,453,0.460000008,0.563527644
1458,1,1,3,2,2,1, ,1,0,3,2,158174,29575,453,0.460000008,0.563527644
1459,1,1,2,3,2,1, ,1,0,3,1,158174,29575,453,0.460000008,0.563527644
1460,1,0,2,2,2,1, ,1,0,3,2,158174,29575,453,0.460000008,0.563527644
1461,1,1,3,2,1,1, ,2,0 je suis étudiant,3,2,158174,29575,453,0.460000008,0.563527644
1462,1,1,3,3,1,4, ,1,0,3,1,158174,29575,453,0.460000008,0.563527644
1463,1,0,1,2,1,1, ,2,1,3,2,158174,29575,453,0.460000008,0.563527644
1464,1,1,2,3,1,3, ,2,1,3,1,158174,29575,453,0.460000008,0.563527644
1465,1,0,1,2,1,1, ,1,1,3,2,158174,29575,453,0.460000008,0.563527644
1466,1,0,2,2,2,1, ,1,1,3,2,158174,29575,453,0.460000008,0.563527644
1504,1,0,2,2,2,1, ,1,1234,3,2,158174,29575,453,0.460000008,0.563527644
1612,1,1,2,2,1,1, ,1,2,3,2,158174,29575,453,0.460000008,0.563527644
1658,1,0,2,2,1,1, ,2,3,3,2,158174,29575,453,0.460000008,0.563527644
1659,1,1,2,1,3,1, ,1,3,3,2,158174,29575,453,0.460000008,0.563527644
1711,1,0,2,1,2,1, ,1, ,3,2,158174,29575,453,0.460000008,0.563527644
1712,1,0,2,3,1,4, ,1,aucune personnelle,3,1,158174,29575,453,0.460000008,0.563527644
1713,1,0,2,2,2,1, ,2,Je sais pas,3,2,158174,29575,453,0.460000008,0.563527644
1714,1,1,3,3,1,1, ,1, ,3,1,158174,29575,453,0.460000008,0.563527644
1716,1,1,2,3,1,3, ,1,0,3,1,158174,29575,453,0.460000008,0.563527644
1717,1,0,3,2,2,1, ,1,0,3,2,158174,29575,453,0.460000008,0.563527644
1718,1,1,2,3,1,3, ,2,0 €,3,1,158174,29575,453,0.460000008,0.563527644
1719,1,0,2,3,1,1, ,2,1,3,1,158174,29575,453,0.460000008,0.563527644
1855,1,1,2,1,2,1, ,1,no,3,2,158174,29575,453,0.460000008,0.563527644
1856,1,1,2,2,1,2, ,2,0,3,2,158174,29575,453,0.460000008,0.563527644
1857,1,1,1,1,1,2, ,1,0,3,2,158174,29575,453,0.460000008,0.563527644
1858,1,0,2,3,1,2, ,2,0,3,1,158174,29575,453,0.460000008,0.563527644
1859,1,0,2,2,1,2, ,2,1,3,2,158174,29575,453,0.460000008,0.563527644
1967,1,1,2,2,1,2, ,2,5,3,2,158174,29575,453,0.460000008,0.563527644
1987,1,0,2,3,2,2, ,1,non concerné,3,1,158174,29575,453,0.460000008,0.563527644
1988,1,1,2,1,1,3, ,2,0,3,2,158174,29575,453,0.460000008,0.563527644
1989,1,0,2,3,2,3, ,1,0,3,1,158174,29575,453,0.460000008,0.563527644
1990,1,1,2,3,1,3, ,2,1,3,1,158174,29575,453,0.460000008,0.563527644
2084,1,0,3,2,2,3, ,3,73926392,3,2,158174,29575,453,0.460000008,0.563527644
2091,1,1,2,3,1,3, ,2,aucune,3,1,158174,29575,453,0.460000008,0.563527644
2092,1,1,1,1,2,3, ,2,like,3,2,158174,29575,453,0.460000008,0.563527644
2093,1,1,3,3,2,3, ,1, ,3,1,158174,29575,453,0.460000008,0.563527644
2094,1,1,3,3,2,2, ,1, ,3,1,158174,29575,453,0.460000008,0.563527644
2095,1,0,2,1,1,4, ,1,18735371,3,2,158174,29575,453,0.460000008,0.563527644
2117,1,1,3,3,2,4, ,2,NA,3,1,158174,29575,453,0.460000008,0.563527644
2118,1,1,2,2,1,1, ,2,0,5,2,190179,8927,107,0.540000021,0.853185594
2119,1,1,2,3,1,4, ,2,0,5,1,190179,8927,107,0.540000021,0.853185594
2120,1,0,2,1,2,1, ,1,0,5,2,190179,8927,107,0.540000021,0.853185594
2121,1,1,2,3,1,1, ,1,0,5,1,190179,8927,107,0.540000021,0.853185594
2122,1,1,2,3,1,4, ,1,0,5,1,190179,8927,107,0.540000021,0.853185594
2123,1,1,2,2,1,2, ,2,0,5,2,190179,8927,107,0.540000021,0.853185594
2124,1,1,2,2,1,2, ,2,0 €,5,2,190179,8927,107,0.540000021,0.853185594
2125,1,0,2,3,2,2, ,1,0,5,1,190179,8927,107,0.540000021,0.853185594
2126,1,1,2,2,1,1, ,2,1,5,2,190179,8927,107,0.540000021,0.853185594
2127,1,1,2,3,2,4, ,2,1,5,1,190179,8927,107,0.540000021,0.853185594
2128,1,0,2,1,3,1, ,1,1,5,2,190179,8927,107,0.540000021,0.853185594
2129,1,0,2,2,4,1, ,1,1,5,2,190179,8927,107,0.540000021,0.853185594
2130,1,1,2,3,2,1, ,2,1,5,1,190179,8927,107,0.540000021,0.853185594
2131,1,0,2,1,3,2, ,1,1,5,2,190179,8927,107,0.540000021,0.853185594
2275,1,0,2,2,1,2, ,1,2,5,2,190179,8927,107,0.540000021,0.853185594
2350,1,0,2,3,2,3, ,1,25....,5,1,190179,8927,107,0.540000021,0.853185594
2585,1,0,2,1,2,2, ,1,möchte ich nicht sagen,5,2,190179,8927,107,0.540000021,0.853185594
2586,1,1,2,2,1,1, ,2,N/A,5,2,190179,8927,107,0.540000021,0.853185594
2587,1,1,2,1,1,1, ,2,N/A,5,2,190179,8927,107,0.540000021,0.853185594
2588,1,1,2,3,1,3, ,2, ,5,1,190179,8927,107,0.540000021,0.853185594
2589,1,1,3,3,2,4, ,2, ,5,1,190179,8927,107,0.540000021,0.853185594
2590,1,1,2,3,1,2, ,2, ,5,1,190179,8927,107,0.540000021,0.853185594
2591,1,1,2,3,1,4, ,2,0,5,1,190179,8927,107,0.540000021,0.853185594
2687,1,1,1,3,2,3, ,1,6,5,1,190179,8927,107,0.540000021,0.853185594
2708,1,0,2,3,1,3, ,1,Keine Angabe,5,1,190179,8927,107,0.540000021,0.853185594
2709,1,0,3,1,2,1, ,3,.,5,2,190179,8927,107,0.540000021,0.853185594
2710,1,1,2,3,2,4, ,1,1,5,1,190179,8927,107,0.540000021,0.853185594
2837,1,1,2,2,3,4, ,1,keine Antwort,5,2,190179,8927,107,0.540000021,0.853185594
2838,1,1,1,1,1,4, ,1,Munich,5,2,190179,8927,107,0.540000021,0.853185594
2839,1,1,2,3,2,4, ,2,prefer not to answer,5,1,190179,8927,107,0.540000021,0.853185594
2842,1,1,2,1,2,1, ,4,0,7,2,237828,34448,570,0.340000004,0.792119563
2843,1,0,2,1,2,1, ,2,0,7,2,237828,34448,570,0.340000004,0.792119563
2844,1,1,2,2,2,1, ,2,0,7,2,237828,34448,570,0.340000004,0.792119563
2845,1,0,2,1,3,2, ,1,1,7,2,237828,34448,570,0.340000004,0.792119563
2951,1,1,2,3,1,3, ,2,Don't want to answer,7,1,237828,34448,570,0.340000004,0.792119563
2952,1,1,2,3,2,1, ,1,Non saprei,7,1,237828,34448,570,0.340000004,0.792119563
2953,1,1,2,2,4,1, ,1,Non so,7,2,237828,34448,570,0.340000004,0.792119563
2954,1,1,1,1,1,1, ,2, ,7,2,237828,34448,570,0.340000004,0.792119563
2956,1,1,2,3,1,3, ,1,0,7,1,237828,34448,570,0.340000004,0.792119563
2957,1,0,2,3,2,2, ,1,0,7,1,237828,34448,570,0.340000004,0.792119563
2958,1,1,2,2,2,2, ,1,0,7,2,237828,34448,570,0.340000004,0.792119563
2959,1,1,1,2,3,2, ,1,0,7,2,237828,34448,570,0.340000004,0.792119563
2960,1,0,2,1,3,1, ,2,0,7,2,237828,34448,570,0.340000004,0.792119563
2961,1,1,2,3,2,2, ,1,1,7,1,237828,34448,570,0.340000004,0.792119563
2962,1,0,2,2,2,2, ,1,1,7,2,237828,34448,570,0.340000004,0.792119563
2992,1,1,1,3,1,2, ,1,1000000,7,1,237828,34448,570,0.340000004,0.792119563
3268,1,1,2,3,1,2, ,1,4,7,1,237828,34448,570,0.340000004,0.792119563
3321,1,1,2,3,2,4, ,1,9,7,1,237828,34448,570,0.340000004,0.792119563
3327,1,1,2,2,3,2, ,1,Dodicimila euro,7,2,237828,34448,570,0.340000004,0.792119563
3328,1,1,2,2,2,2, ,1,I prefer not Say it,7,2,237828,34448,570,0.340000004,0.792119563
3329,1,1,2,3,1,4, ,1,no income at the moment,7,1,237828,34448,570,0.340000004,0.792119563
3330,1,1,2,1,3,2, ,1,Non rispondo,7,2,237828,34448,570,0.340000004,0.792119563
3331,1,1,2,2,1,2, ,2,non saprei,7,2,237828,34448,570,0.340000004,0.792119563
3332,1,1,2,3,1,3, ,1,Non so,7,1,237828,34448,570,0.340000004,0.792119563
3337,1,1,2,3,1,4, ,2,0,7,1,237828,34448,570,0.340000004,0.792119563
3338,1,1,2,3,1,4, ,2,0,7,1,237828,34448,570,0.340000004,0.792119563
3339,1,1,2,3,2,4, ,2,1,7,1,237828,34448,570,0.340000004,0.792119563
3438,1,1,2,3,1,3, ,1,Non rispondo,7,1,237828,34448,570,0.340000004,0.792119563
3439,1,1,2,2,1,4, ,1,Non so,7,2,237828,34448,570,0.340000004,0.792119563
3440,1,1,1,3,3,4, ,2,0,7,1,237828,34448,570,0.340000004,0.792119563
3441,1,0,2,1,2,1, ,1,1,7,2,237828,34448,570,0.340000004,0.792119563
3442,1,1,2,3,2,4, ,2,1,7,1,237828,34448,570,0.340000004,0.792119563
3447,1,1,2,3,1,4, ,1,1.00E+28,7,1,237828,34448,570,0.340000004,0.792119563
3574,1,1,2,3,2,4, ,1,Non specificato,7,1,237828,34448,570,0.340000004,0.792119563
3575,1,1,2,3,1,4, ,2,Preferisco non rispondere,7,1,237828,34448,570,0.340000004,0.792119563
3579,1,0,2,2,2,1, ,1,0, ,2,159793,19080,148,0.370000005,0.54649502
3580,1,0,3,2,2,1, ,2,0, ,2,159793,19080,148,0.370000005,0.54649502
3581,1,0,1,3,1,4, ,1,0, ,1,159793,19080,148,0.370000005,0.54649502
3582,1,1,2,2,1,1, ,1,0, ,2,159793,19080,148,0.370000005,0.54649502
3583,1,0,2,3,2,3, ,1,10, ,1,159793,19080,148,0.370000005,0.54649502
3596,1,1,1,3,2,1, ,1,12 mil, ,1,159793,19080,148,0.370000005,0.54649502
3705,1,1,2,3,1,1, ,1,4mil, ,1,159793,19080,148,0.370000005,0.54649502
3749,1,0,2,3,2,1, ,2,7, ,1,159793,19080,148,0.370000005,0.54649502
3779,1,1,2,3,1,4, ,2,Menos de 2000, ,1,159793,19080,148,0.370000005,0.54649502
3780,1,1,2,3,1,4, ,2,no lo se, ,1,159793,19080,148,0.370000005,0.54649502
3781,1,0,2,3,1,1, ,2,No se, ,1,159793,19080,148,0.370000005,0.54649502
3782,1,1,2,3,1,3, ,2,"Pues es 24,000 y 54,000", ,1,159793,19080,148,0.370000005,0.54649502
3783,1,0,2,3,1,3, ,2, , ,1,159793,19080,148,0.370000005,0.54649502
3790,1,0,2,1,2,2, ,1,1, ,2,159793,19080,148,0.370000005,0.54649502
3791,1,0,1,1,3,1, ,1,1, ,2,159793,19080,148,0.370000005,0.54649502
3792,1,0,2,3,2,2, ,1,1, ,1,159793,19080,148,0.370000005,0.54649502
3857,1,0,2,2,2,2, ,2,15 mil, ,2,159793,19080,148,0.370000005,0.54649502
4165,1,0,2,3,2,2, ,1,8, ,1,159793,19080,148,0.370000005,0.54649502
4191,1,0,2,2,2,2, ,1,Con la pandemia casi en ceros, ,2,159793,19080,148,0.370000005,0.54649502
4192,1,0,2,2,1,2, ,2,Desconozco, ,2,159793,19080,148,0.370000005,0.54649502
4193,1,1,2,1,1,2, ,1,entre 15.000 a 48.000, ,2,159793,19080,148,0.370000005,0.54649502
4194,1,1,2,2,1,2, ,1,Menos de 2000, ,2,159793,19080,148,0.370000005,0.54649502
4195,1,0,2,2,2,2, ,1,no se, ,2,159793,19080,148,0.370000005,0.54649502
4196,1,0,2,3,1,2, ,2, , ,1,159793,19080,148,0.370000005,0.54649502
4197,1,0,1,1,2,4, ,1,1, ,2,159793,19080,148,0.370000005,0.54649502
4198,1,0,2,3,2,3, ,2,1, ,1,159793,19080,148,0.370000005,0.54649502
4274,1,1,2,3,1,3, ,1,No lo sé, ,1,159793,19080,148,0.370000005,0.54649502
4281,1,0,2,1,2,1, ,2,0,13,2,17735,469,2,0.449999988,0.620895505
4282,1,1,3,1,2,1, ,2,0,13,2,17735,469,2,0.449999988,0.620895505
4283,1,1,2,3,1,4, ,1,1,1,1,17735,469,2,0.449999988,0.620895505
4355,1,1,1,3,2,3, ,1,"2,000,000 plus",1,1,17735,469,2,0.449999988,0.620895505
4437,1,1,1,3,1,3, ,2,5,13,1,17735,469,2,0.449999988,0.620895505
4480,1,0,2,3,4,4, ,2,6,1,1,17735,469,2,0.449999988,0.620895505
4498,1,1,2,3,1,4, ,1,Baba,13,1,17735,469,2,0.449999988,0.620895505
4499,1,1,2,3,4,4, ,2,Babu,13,1,17735,469,2,0.449999988,0.620895505
4500,1,0,2,3,2,3, ,1,Ban sani ba,13,1,17735,469,2,0.449999988,0.620895505
4501,1,1,2,3,4,1, ,2,Dubu 35,13,1,17735,469,2,0.449999988,0.620895505
4503,1,1,1,1,2,4, ,1, ,13,2,17735,469,2,0.449999988,0.620895505
4504,1,1,2,3,1,4, ,2,I don't know,1,1,17735,469,2,0.449999988,0.620895505
4505,1,0,2,3,1,1, ,1,I don't know,1,1,17735,469,2,0.449999988,0.620895505
4506,1,1,2,3,1,4, ,1,I'm not sure,1,1,17735,469,2,0.449999988,0.620895505
4507,1,1,3,3,4,3, ,4,Life,13,1,17735,469,2,0.449999988,0.620895505
4508,1,1,2,3,4,4, ,2,Low,1,1,17735,469,2,0.449999988,0.620895505
4509,1,1,1,1,2,1, ,2, ,13,2,17735,469,2,0.449999988,0.620895505
4510,1,0,1,2,2,1, ,4, ,13,2,17735,469,2,0.449999988,0.620895505
4511,1,1,3,2,2,1, ,3,Mene be matsakaicin,13,2,17735,469,2,0.449999988,0.620895505
4514,1,1,1,1,1,1, ,2,nafi dacewa ban ce ba,13,2,17735,469,2,0.449999988,0.620895505
4515,1,1,2,2,2,1, ,2,Naira dubu 30,13,2,17735,469,2,0.449999988,0.620895505
4518,1,0,3,1,1,1, ,2,No,13,2,17735,469,2,0.449999988,0.620895505
4519,1,1,2,3,1,4, ,2,Not working,1,1,17735,469,2,0.449999988,0.620895505
4520,1,0,2,3,1,1, ,1,Nothing,1,1,17735,469,2,0.449999988,0.620895505
4522,1,0,3,1,1,1, ,1,Two,13,2,17735,469,2,0.449999988,0.620895505
4523,1,0,3,1,1,1, ,1, ,13,2,17735,469,2,0.449999988,0.620895505
4524,1,1,1,3,1,3, ,2,"#200,0000",1,1,17735,469,2,0.449999988,0.620895505
4531,1,1,2,3,1,3, ,2,0,1,1,17735,469,2,0.449999988,0.620895505
4532,1,0,3,3,2,2, ,2,1,1,1,17735,469,2,0.449999988,0.620895505
4635,1,1,2,3,2,4, ,2,15000000,1,1,17735,469,2,0.449999988,0.620895505
4638,1,1,2,3,1,2, ,1,2,1,1,17735,469,2,0.449999988,0.620895505
4639,1,1,2,2,2,2, ,1,2,1,2,17735,469,2,0.449999988,0.620895505
4640,1,1,1,3,2,3, ,1,"2,000,000 plus",1,1,17735,469,2,0.449999988,0.620895505
4724,1,0,3,3,1,2, ,4,4,13,1,17735,469,2,0.449999988,0.620895505
4751,1,1,2,3,2,2, ,1,50-100,1,1,17735,469,2,0.449999988,0.620895505
4825,1,0,2,3,2,4, ,1,8,1,1,17735,469,2,0.449999988,0.620895505
4843,1,0,2,3,1,4, ,2,Babu,13,1,17735,469,2,0.449999988,0.620895505
4844,1,0,2,1,1,2, ,1, ,13,2,17735,469,2,0.449999988,0.620895505
4846,1,1,2,2,2,2, ,1,No idea,1,2,17735,469,2,0.449999988,0.620895505
4847,1,1,2,1,3,2, ,1,Personal,1,2,17735,469,2,0.449999988,0.620895505
4850,1,1,2,3,1,3, ,2,0,13,1,17735,469,2,0.449999988,0.620895505
4851,1,0,3,3,2,4, ,1,0,1,1,17735,469,2,0.449999988,0.620895505
4876,1,0,2,1,1,3, ,2,2,1,2,17735,469,2,0.449999988,0.620895505
4927,1,1,2,3,2,3, ,2,5000000,1,1,17735,469,2,0.449999988,0.620895505
4929,1,1,2,3,3,3, ,2,6,1,1,17735,469,2,0.449999988,0.620895505
4945,1,0,2,1,1,1, ,2,0,8,2,30701,1286,34,0.560000002,0.483483493
4946,1,0,2,2,2,1, ,1,0,8,2,30701,1286,34,0.560000002,0.483483493
4947,1,0,2,3,1,3, ,2,1,8,1,30701,1286,34,0.560000002,0.483483493
4948,1,1,2,1,3,1, ,2,1,8,2,30701,1286,34,0.560000002,0.483483493
4949,1,0,2,2,3,1, ,2,1,8,2,30701,1286,34,0.560000002,0.483483493
4960,1,1,2,3,2,4, ,2,2,8,1,30701,1286,34,0.560000002,0.483483493
5005,1,1,2,2,1,1, ,2,Nie wa?ne,8,2,30701,1286,34,0.560000002,0.483483493
5006,1,0,3,2,1,2, ,1,-,8,2,30701,1286,34,0.560000002,0.483483493
5008,1,0,2,2,1,2, ,1,0,8,2,30701,1286,34,0.560000002,0.483483493
5009,1,0,2,3,2,2, ,1,0,8,1,30701,1286,34,0.560000002,0.483483493
5010,1,1,2,3,2,4, ,2,1,8,1,30701,1286,34,0.560000002,0.483483493
5011,1,0,2,2,1,4, ,2,1,8,2,30701,1286,34,0.560000002,0.483483493
5012,1,0,2,3,1,2, ,2,1,8,1,30701,1286,34,0.560000002,0.483483493
5013,1,1,2,2,1,2, ,2,1,8,2,30701,1286,34,0.560000002,0.483483493
5014,1,1,2,1,1,2, ,2,1,8,2,30701,1286,34,0.560000002,0.483483493
5015,1,0,2,1,2,2, ,1,1,8,2,30701,1286,34,0.560000002,0.483483493
5016,1,0,3,2,2,2, ,1,1,8,2,30701,1286,34,0.560000002,0.483483493
5017,1,0,2,3,1,2, ,2,1,8,1,30701,1286,34,0.560000002,0.483483493
5018,1,0,2,3,1,4, ,1,1,8,1,30701,1286,34,0.560000002,0.483483493
5019,1,1,2,2,4,2, ,2,1,8,2,30701,1286,34,0.560000002,0.483483493
5020,1,0,2,3,1,2, ,2,1,8,1,30701,1286,34,0.560000002,0.483483493
5054,1,1,2,1,3,2, ,1,2,8,2,30701,1286,34,0.560000002,0.483483493
5298,1,1,2,1,2,2, ,2,nie wiem,8,2,30701,1286,34,0.560000002,0.483483493
5299,1,1,2,1,1,1, ,1,Njjjj,8,2,30701,1286,34,0.560000002,0.483483493
5300,1,0,2,3,1,3, ,1,Oko?o 10000,8,1,30701,1286,34,0.560000002,0.483483493
5301,1,0,2,3,2,2, ,1,Wol? nie odpowiada?,8,1,30701,1286,34,0.560000002,0.483483493
5302,1,0,2,3,4,4, ,1,-,8,1,30701,1286,34,0.560000002,0.483483493
5304,1,1,2,3,4,3, ,1,****,8,1,30701,1286,34,0.560000002,0.483483493
5305,1,0,2,2,1,3, ,1,0,8,2,30701,1286,34,0.560000002,0.483483493
5306,1,0,2,1,3,1, ,2,0,8,2,30701,1286,34,0.560000002,0.483483493
5307,1,0,2,1,3,2, ,1,0,8,2,30701,1286,34,0.560000002,0.483483493
5308,1,0,2,2,2,3, ,1,1,8,2,30701,1286,34,0.560000002,0.483483493
5309,1,0,2,1,2,3, ,1,1,8,2,30701,1286,34,0.560000002,0.483483493
5310,1,0,3,1,2,3, ,2,1,8,2,30701,1286,34,0.560000002,0.483483493
5311,1,0,2,1,2,3, ,1,1,8,2,30701,1286,34,0.560000002,0.483483493
5312,1,0,2,2,2,3, ,2,1,8,2,30701,1286,34,0.560000002,0.483483493
5313,1,0,2,3,1,4, ,2,1,8,1,30701,1286,34,0.560000002,0.483483493
5314,1,1,2,3,1,4, ,2,1,8,1,30701,1286,34,0.560000002,0.483483493
5315,1,1,2,3,4,3, ,1,1,8,1,30701,1286,34,0.560000002,0.483483493
5316,1,0,2,1,4,2, ,2,1,8,2,30701,1286,34,0.560000002,0.483483493
5317,1,0,2,2,4,3, ,2,1,8,2,30701,1286,34,0.560000002,0.483483493
5606,1,0,2,1,2,3, ,1,nieobowi?zkowe,8,2,30701,1286,34,0.560000002,0.483483493
5607,1,1,2,1,4,1, ,2,odmowa,8,2,30701,1286,34,0.560000002,0.483483493
5608,1,1,3,3,1,3, ,2,ok. 5000z?,8,1,30701,1286,34,0.560000002,0.483483493
5609,1,0,2,3,1,3, ,2,wola?bym nie odpowiada?,8,1,30701,1286,34,0.560000002,0.483483493
5610,1,0,2,2,2,3, ,1, ,8,2,30701,1286,34,0.560000002,0.483483493
5616,1,1,2,3,1,3, ,1,10????? ? ?????,9,1,553301,7478,51,0.529999971,0.697058797
5631,1,1,2,1,4,1, ,2,21 ?????? ??????,9,2,553301,7478,51,0.529999971,0.697058797
5651,1,1,3,1,2,1, ,3,4,9,2,553301,7478,51,0.529999971,0.697058797
5662,1,1,2,2,2,1, ,1,50-60 ?????,9,2,553301,7478,51,0.529999971,0.697058797
5676,1,0,2,3,1,3, ,1,?? ???????,9,1,553301,7478,51,0.529999971,0.697058797
5677,1,0,2,3,1,2, ,2,?? 30? ?? 50?,9,1,553301,7478,51,0.529999971,0.697058797
5678,1,1,2,3,1,2, ,1,0,9,1,553301,7478,51,0.529999971,0.697058797
5698,1,1,2,2,1,2, ,2,1.00E+11,9,2,553301,7478,51,0.529999971,0.697058797
5734,1,0,2,1,2,2, ,2,30 ???. ??????? ????? ??????,9,2,553301,7478,51,0.529999971,0.697058797
5836,1,1,2,1,2,3, ,1,1,9,2,553301,7478,51,0.529999971,0.697058797
5837,1,1,2,3,2,3, ,1,1,9,1,553301,7478,51,0.529999971,0.697058797
5838,1,1,3,3,3,3, ,2,1,9,1,553301,7478,51,0.529999971,0.697058797
5941,1,0,2,3,1,4, ,2,2,9,1,553301,7478,51,0.529999971,0.697058797
5972,1,1,1,2,2,3, ,1,2500-----00000,9,2,553301,7478,51,0.529999971,0.697058797
5982,1,1,2,3,1,3, ,2,30  ???,9,1,553301,7478,51,0.529999971,0.697058797
6079,1,1,2,1,2,1, ,1,5,9,2,553301,7478,51,0.529999971,0.697058797
6239,1,0,2,2,2,3, ,1,???????,9,2,553301,7478,51,0.529999971,0.697058797
6290,1,1,2,1,3,2, ,1,?????,9,2,553301,7478,51,0.529999971,0.697058797
6291,1,1,2,2,1,1, ,1,0,10,2,41216,26,4,0.74000001,0.838449121
6292,1,1,2,2,1,1, ,2,0,10,2,41216,26,4,0.74000001,0.838449121
6293,1,1,2,3,1,1, ,1,0,10,1,41216,26,4,0.74000001,0.838449121
6294,1,0,2,1,2,2, ,1,0,10,2,41216,26,4,0.74000001,0.838449121
6295,1,0,2,2,2,1, ,1,0,10,2,41216,26,4,0.74000001,0.838449121
6296,1,1,2,3,4,4, ,1,1,10,1,41216,26,4,0.74000001,0.838449121
6299,1,0,2,3,1,1, ,2,100,10,1,41216,26,4,0.74000001,0.838449121
6345,1,1,2,3,2,1, ,2,250??,10,1,41216,26,4,0.74000001,0.838449121
6368,1,1,2,3,1,1, ,1,3?,10,1,41216,26,4,0.74000001,0.838449121
6369,1,0,2,3,1,4, ,1,40,10,1,41216,26,4,0.74000001,0.838449121
6383,1,1,2,2,1,3, ,1,5,10,2,41216,26,4,0.74000001,0.838449121
6422,1,1,1,3,4,4, ,2,90000000,10,1,41216,26,4,0.74000001,0.838449121
6423,1,1,2,3,1,3, ,1,???,10,1,41216,26,4,0.74000001,0.838449121
6424,1,1,2,2,1,1, ,1,??,10,2,41216,26,4,0.74000001,0.838449121
6425,1,1,2,3,4,3, ,1,??,10,1,41216,26,4,0.74000001,0.838449121
6426,1,0,3,3,4,1, ,2,???????,10,1,41216,26,4,0.74000001,0.838449121
6427,1,1,2,3,1,4, ,2,? ????,10,1,41216,26,4,0.74000001,0.838449121
6429,1,1,2,3,4,4, ,1,100,10,1,41216,26,4,0.74000001,0.838449121
6438,1,1,2,3,1,2, ,1,2,10,1,41216,26,4,0.74000001,0.838449121
6451,1,1,2,3,2,2, ,2,2567890,10,1,41216,26,4,0.74000001,0.838449121
6471,1,1,2,3,1,4, ,2,380??,10,1,41216,26,4,0.74000001,0.838449121
6508,1,1,2,3,2,2, ,1,900??,10,1,41216,26,4,0.74000001,0.838449121
6509,1,1,2,3,1,3, ,2,93000000,10,1,41216,26,4,0.74000001,0.838449121
6510,1,1,1,1,4,1, ,1, ,10,2,41216,26,4,0.74000001,0.838449121
6511,1,1,2,1,1,1, ,1,??,10,2,41216,26,4,0.74000001,0.838449121
6512,1,0,2,3,1,2, ,1,??? ?? ??,10,1,41216,26,4,0.74000001,0.838449121
6513,1,1,2,3,1,3, ,1,0,10,1,41216,26,4,0.74000001,0.838449121
6514,1,0,3,1,1,1, ,2,1,10,2,41216,26,4,0.74000001,0.838449121
6515,1,1,2,2,2,3, ,1,1,10,2,41216,26,4,0.74000001,0.838449121
6533,1,1,1,3,1,4, ,2,100000000,10,1,41216,26,4,0.74000001,0.838449121
6534,1,1,2,2,1,4, ,1,1.00E+12,10,2,41216,26,4,0.74000001,0.838449121
6542,1,1,1,3,4,4, ,1,1200000000,10,1,41216,26,4,0.74000001,0.838449121
6543,1,1,3,3,1,3, ,2,120??,10,1,41216,26,4,0.74000001,0.838449121
6556,1,1,1,3,2,4, ,3,20,10,1,41216,26,4,0.74000001,0.838449121
6607,1,1,2,3,2,3, ,2,300?,10,1,41216,26,4,0.74000001,0.838449121
6608,1,1,2,3,1,3, ,1,300??,10,1,41216,26,4,0.74000001,0.838449121
6609,1,1,2,2,2,3, ,1,300??,10,2,41216,26,4,0.74000001,0.838449121
6634,1,1,2,3,1,3, ,2,3?,10,1,41216,26,4,0.74000001,0.838449121
6728,1,1,2,3,1,3, ,1,500??,10,1,41216,26,4,0.74000001,0.838449121
6779,1,1,2,2,2,3, ,1,6?,10,2,41216,26,4,0.74000001,0.838449121
6814,1,1,2,3,1,3, ,2,8???,10,1,41216,26,4,0.74000001,0.838449121
6821,1,1,2,3,2,2, ,1,900??,10,1,41216,26,4,0.74000001,0.838449121
6827,1,0,2,3,2,3, ,2,????,10,1,41216,26,4,0.74000001,0.838449121
6828,1,0,2,2,2,3, ,1,??,10,2,41216,26,4,0.74000001,0.838449121
6829,1,1,2,3,3,2, ,1,??,10,1,41216,26,4,0.74000001,0.838449121
6830,1,1,2,3,1,3, ,1,??? ?? ???,10,1,41216,26,4,0.74000001,0.838449121
6831,1,1,2,3,1,4, ,1,100,10,1,41216,26,4,0.74000001,0.838449121
6839,1,1,1,3,1,2, ,2,100000000,10,1,41216,26,4,0.74000001,0.838449121
6858,1,1,2,3,2,4, ,2,320?,10,1,41216,26,4,0.74000001,0.838449121
6909,1,0,1,3,4,4, ,2,? 9000,10,1,41216,26,4,0.74000001,0.838449121
6910,1,1,2,3,3,1, ,2,$0, ,1,80412,1674,28,0.419999987,0.912234068
6911,1,1,2,2,1,1, ,2,$0, ,2,80412,1674,28,0.419999987,0.912234068
6914,1,1,2,2,2,1, ,2,1, ,2,80412,1674,28,0.419999987,0.912234068
6915,1,1,2,3,4,1, ,1,1, ,1,80412,1674,28,0.419999987,0.912234068
6916,1,1,2,3,4,1, ,1,1, ,1,80412,1674,28,0.419999987,0.912234068
6917,1,1,2,3,2,1, ,1,1, ,1,80412,1674,28,0.419999987,0.912234068
6971,1,1,1,3,2,3, ,2,213123213, ,1,80412,1674,28,0.419999987,0.912234068
7016,1,1,2,3,2,4, ,1,4, ,1,80412,1674,28,0.419999987,0.912234068
7092,1,1,2,3,1,4, ,2,Don't know, ,1,80412,1674,28,0.419999987,0.912234068
7102,1,1,2,2,2,2, ,1,1, ,2,80412,1674,28,0.419999987,0.912234068
7103,1,1,2,2,4,2, ,1,1, ,2,80412,1674,28,0.419999987,0.912234068
7123,1,1,1,3,1,4, ,1,123, ,1,80412,1674,28,0.419999987,0.912234068
7137,1,1,2,3,2,3, ,2,2, ,1,80412,1674,28,0.419999987,0.912234068
7238,1,1,3,3,2,2, ,2,9999, ,1,80412,1674,28,0.419999987,0.912234068
7244,1,1,2,3,3,3, ,2,0, ,1,80412,1674,28,0.419999987,0.912234068
7245,1,1,2,3,4,3, ,2,0, ,1,80412,1674,28,0.419999987,0.912234068
7246,1,1,2,3,2,4, ,1,1, ,1,80412,1674,28,0.419999987,0.912234068
7440,1,1,2,2,2,3, ,1,4, ,2,80412,1674,28,0.419999987,0.912234068
7578,1,1,2,1,2,2, ,2,9999, ,2,80412,1674,28,0.419999987,0.912234068
7579,1,1,2,3,2,3, ,1,Non, ,1,80412,1674,28,0.419999987,0.912234068
7580,1,1,2,3,2,2, ,1,Prefer not to disclose, ,1,80412,1674,28,0.419999987,0.912234068
7583,1,0,2,3,4,4, ,2,1, ,1,80412,1674,28,0.419999987,0.912234068
7584,1,1,2,3,3,4, ,1,1, ,1,80412,1674,28,0.419999987,0.912234068
7662,1,1,2,3,1,2, ,2,0, ,1,12257,280,5,0.629999995,0.690076351
7663,1,1,3,3,1,1, ,1,0, ,1,12257,280,5,0.629999995,0.690076351
7664,1,0,2,2,2,1, ,2,0, ,2,12257,280,5,0.629999995,0.690076351
7666,1,0,2,1,2,1, ,1,0, ,2,12257,280,5,0.629999995,0.690076351
7667,1,0,2,1,2,1, ,2,1, ,2,12257,280,5,0.629999995,0.690076351
7668,1,0,2,1,3,1, ,1,1, ,2,12257,280,5,0.629999995,0.690076351
7805,1,1,2,2,1,1, ,1,5, ,2,12257,280,5,0.629999995,0.690076351
7806,1,1,2,3,1,1, ,2,5, ,1,12257,280,5,0.629999995,0.690076351
7855,1,1,2,3,1,2, ,1,"I am a student therefore, I bring in no income at the moment.", ,1,12257,280,5,0.629999995,0.690076351
7856,1,1,2,3,1,3, ,2,i do not know, ,1,12257,280,5,0.629999995,0.690076351
7857,1,1,2,3,1,2, ,1,Prefer not to say, ,1,12257,280,5,0.629999995,0.690076351
7867,1,1,3,3,2,4, ,1,0, ,1,12257,280,5,0.629999995,0.690076351
7868,1,0,2,2,2,2, ,1,1, ,2,12257,280,5,0.629999995,0.690076351
7869,1,0,2,1,3,2, ,1,1, ,2,12257,280,5,0.629999995,0.690076351
7870,1,0,2,3,3,4, ,1,1, ,1,12257,280,5,0.629999995,0.690076351
7871,1,1,2,3,4,4, ,2,1, ,1,12257,280,5,0.629999995,0.690076351
7991,1,1,3,3,2,3, ,2,3, ,1,12257,280,5,0.629999995,0.690076351
8073,1,1,2,3,1,4, ,2,Not so sure, ,1,12257,280,5,0.629999995,0.690076351
8086,1,1,2,2,3,3, ,1,1, ,2,12257,280,5,0.629999995,0.690076351
8264,1,1,2,3,2,4, ,2,0, ,1,12257,280,5,0.629999995,0.690076351
8315,1,1,2,3,1,4, ,1,None of your business, ,1,12257,280,5,0.629999995,0.690076351
8511,1,1,2,3,1,3, ,1,"depends, can´t really tell",4,1,291763,27136,580,0.319999993,0.592245996
8513,1,1,2,3,2,3, ,2,no estoy seguro,4,1,291763,27136,580,0.319999993,0.592245996
8514,1,1,2,3,1,1, ,1,no quiero contestar.,4,1,291763,27136,580,0.319999993,0.592245996
8515,1,0,3,3,1,1, ,1,Not sure.,4,1,291763,27136,580,0.319999993,0.592245996
8518,1,1,2,3,1,3, ,1,0,4,1,291763,27136,580,0.319999993,0.592245996
8519,1,0,2,3,2,3, ,1,1,4,1,291763,27136,580,0.319999993,0.592245996
8520,1,1,3,3,4,2, ,1,1,4,1,291763,27136,580,0.319999993,0.592245996
8644,1,1,1,2,1,2, ,2,poca,4,2,291763,27136,580,0.319999993,0.592245996
8650,1,0,2,3,3,3, ,1,0,4,1,291763,27136,580,0.319999993,0.592245996
8651,1,1,2,1,2,1, ,1,0,4,2,291763,27136,580,0.319999993,0.592245996
8652,1,0,2,3,2,3, ,2,1,4,1,291763,27136,580,0.319999993,0.592245996
8653,1,0,2,3,4,3, ,1,1,4,1,291763,27136,580,0.319999993,0.592245996
8777,1,0,2,1,2,3, ,1,200000,4,2,291763,27136,580,0.319999993,0.592245996
8823,1,0,1,2,1,3, ,3,3,4,2,291763,27136,580,0.319999993,0.592245996
8908,1,1,2,3,4,3, ,1,5,4,1,291763,27136,580,0.319999993,0.592245996
8951,1,1,1,3,1,3, ,1,Estamos a e casa el pesos,4,1,291763,27136,580,0.319999993,0.592245996
8952,1,0,2,3,3,3, ,2,no lo se,4,1,291763,27136,580,0.319999993,0.592245996
8953,1,1,1,2,1,3, ,1, ,4,2,291763,27136,580,0.319999993,0.592245996
9027,1,1,3,3,2,4, ,2,300000,4,1,291763,27136,580,0.319999993,0.592245996
9064,1,0,1,1,2,4, ,1,Prefer not to say,4,2,291763,27136,580,0.319999993,0.592245996
9065,1,1,1,2,1,1, ,1,1,11,2,54562,5041,499,0.660000026,0.607692301
9066,1,1,3,3,1,1, ,1,1,11,1,54562,5041,499,0.660000026,0.607692301
9067,1,1,2,3,2,3, ,2,1,11,1,54562,5041,499,0.660000026,0.607692301
9068,1,1,2,2,2,1, ,1,1,11,2,54562,5041,499,0.660000026,0.607692301
9069,1,0,2,2,2,1, ,1,1,11,2,54562,5041,499,0.660000026,0.607692301
9070,1,0,2,2,2,1, ,1,1,11,2,54562,5041,499,0.660000026,0.607692301
9071,1,0,2,2,4,1, ,1,1,11,2,54562,5041,499,0.660000026,0.607692301
9072,1,1,2,3,4,1, ,2,1,11,1,54562,5041,499,0.660000026,0.607692301
9073,1,0,2,3,1,3, ,1,1,11,1,54562,5041,499,0.660000026,0.607692301
9102,1,1,2,3,4,4, ,2,123456,11,1,54562,5041,499,0.660000026,0.607692301
9137,1,1,2,1,3,1, ,1,2,11,2,54562,5041,499,0.660000026,0.607692301
9158,1,1,1,3,2,3, ,1,2099909,11,1,54562,5041,499,0.660000026,0.607692301
9389,1,1,2,3,1,3, ,2,999999,11,1,54562,5041,499,0.660000026,0.607692301
9390,1,0,2,1,4,2, ,1,1,11,2,54562,5041,499,0.660000026,0.607692301
9391,1,0,3,3,1,3, ,1,1,11,1,54562,5041,499,0.660000026,0.607692301
9392,1,1,2,2,2,2, ,1,1,11,2,54562,5041,499,0.660000026,0.607692301
9393,1,0,2,3,2,2, ,2,1,11,1,54562,5041,499,0.660000026,0.607692301
9394,1,1,1,2,2,2, ,1,1,11,2,54562,5041,499,0.660000026,0.607692301
9395,1,0,3,3,1,3, ,1,1,11,1,54562,5041,499,0.660000026,0.607692301
9396,1,0,2,1,3,2, ,2,1,11,2,54562,5041,499,0.660000026,0.607692301
9397,1,0,2,3,4,4, ,1,1,11,1,54562,5041,499,0.660000026,0.607692301
9412,1,0,2,3,4,3, ,2,111111,11,1,54562,5041,499,0.660000026,0.607692301
9413,1,1,2,3,4,4, ,2,111111,11,1,54562,5041,499,0.660000026,0.607692301
9453,1,1,2,3,1,4, ,2,3,11,1,54562,5041,499,0.660000026,0.607692301
9497,1,1,3,2,1,2, ,2,5,11,2,54562,5041,499,0.660000026,0.607692301
9536,1,1,2,2,1,3, ,2,1,11,2,54562,5041,499,0.660000026,0.607692301
9537,1,1,2,3,1,3, ,1,1,11,1,54562,5041,499,0.660000026,0.607692301
9538,1,0,2,2,2,3, ,2,1,11,2,54562,5041,499,0.660000026,0.607692301
9539,1,1,3,3,2,3, ,2,1,11,1,54562,5041,499,0.660000026,0.607692301
9540,1,1,2,2,2,3, ,1,1,11,2,54562,5041,499,0.660000026,0.607692301
9541,1,1,2,2,2,3, ,2,1,11,2,54562,5041,499,0.660000026,0.607692301
9542,1,0,2,1,2,3, ,2,1,11,2,54562,5041,499,0.660000026,0.607692301
9543,1,1,3,3,1,3, ,1,1,11,1,54562,5041,499,0.660000026,0.607692301
9544,1,1,2,3,2,4, ,2,1,11,1,54562,5041,499,0.660000026,0.607692301
9545,1,0,2,3,2,4, ,1,1,11,1,54562,5041,499,0.660000026,0.607692301
9546,1,0,2,3,4,4, ,2,1,11,1,54562,5041,499,0.660000026,0.607692301
9734,1,1,2,3,2,1, ,2,0,1,1,299251,42153,621,0.50999999,0.66015625
9735,1,0,2,2,2,1, ,2,0,1,2,299251,42153,621,0.50999999,0.66015625
9736,1,1,2,3,1,2, ,1,0,1,1,299251,42153,621,0.50999999,0.66015625
9737,1,1,2,2,1,2, ,2,0,1,2,299251,42153,621,0.50999999,0.66015625
9738,1,1,1,1,3,2, ,1,0,1,2,299251,42153,621,0.50999999,0.66015625
9739,1,0,2,1,2,2, ,1,1,1,2,299251,42153,621,0.50999999,0.66015625
9740,1,1,2,2,3,2, ,2,1,1,2,299251,42153,621,0.50999999,0.66015625
9984,1,1,2,3,2,1, ,2,4,1,1,299251,42153,621,0.50999999,0.66015625
10019,1,1,1,1,2,1, ,1,5,1,2,299251,42153,621,0.50999999,0.66015625
10046,1,1,1,1,1,2, ,2,6889999,1,2,299251,42153,621,0.50999999,0.66015625
10065,1,1,2,3,2,2, ,1,Don’t know,1,1,299251,42153,621,0.50999999,0.66015625
10066,1,0,2,1,1,2, ,2, ,1,2,299251,42153,621,0.50999999,0.66015625
10067,1,1,3,3,4,3, ,1,I don't know,1,1,299251,42153,621,0.50999999,0.66015625
10068,1,1,3,2,2,2, ,1,Idk,1,2,299251,42153,621,0.50999999,0.66015625
10069,1,0,1,1,2,1, ,1,Ingu,1,2,299251,42153,621,0.50999999,0.66015625
10070,1,1,2,2,1,2, ,2, ,1,2,299251,42153,621,0.50999999,0.66015625
10071,1,1,2,3,3,1, ,1,n/a,1,1,299251,42153,621,0.50999999,0.66015625
10072,1,1,2,3,1,3, ,1,N/A,1,1,299251,42153,621,0.50999999,0.66015625
10073,1,0,2,2,1,1, ,2,No,1,2,299251,42153,621,0.50999999,0.66015625
10074,1,1,2,3,1,3, ,2,Not sure,1,1,299251,42153,621,0.50999999,0.66015625
10075,1,1,2,3,1,3, ,1,Not sure,1,1,299251,42153,621,0.50999999,0.66015625
10076,1,1,2,3,4,2, ,1,Ok,1,1,299251,42153,621,0.50999999,0.66015625
10077,1,1,1,2,1,1, ,2, ,1,2,299251,42153,621,0.50999999,0.66015625
10078,1,1,2,2,2,2, ,3, ,1,2,299251,42153,621,0.50999999,0.66015625
10079,1,0,3,3,4,4, ,1,-,1,1,299251,42153,621,0.50999999,0.66015625
10080,1,0,2,3,2,4, ,1,----,1,1,299251,42153,621,0.50999999,0.66015625
10109,1,0,2,3,2,3, ,1,0,1,1,299251,42153,621,0.50999999,0.66015625
10110,1,1,2,1,2,4, ,1,0,1,2,299251,42153,621,0.50999999,0.66015625
10111,1,1,2,2,3,4, ,1,0,1,2,299251,42153,621,0.50999999,0.66015625
10112,1,1,2,3,4,4, ,1,1,1,1,299251,42153,621,0.50999999,0.66015625
10201,1,0,2,3,2,4, ,2,2,1,1,299251,42153,621,0.50999999,0.66015625
10282,1,1,1,3,2,3, ,2,3,1,1,299251,42153,621,0.50999999,0.66015625
10283,1,1,2,1,4,3, ,1,3,1,2,299251,42153,621,0.50999999,0.66015625
10450,1,1,1,3,4,4, ,4,8i,1,1,299251,42153,621,0.50999999,0.66015625
10461,1,1,2,3,1,3, ,2,9999,1,1,299251,42153,621,0.50999999,0.66015625
10462,1,1,2,3,1,3, ,2,9999,1,1,299251,42153,621,0.50999999,0.66015625
10463,1,1,2,1,2,4, ,1,I don't have,1,2,299251,42153,621,0.50999999,0.66015625
10464,1,1,2,3,2,3, ,1,I don't know,1,1,299251,42153,621,0.50999999,0.66015625
10465,1,1,2,3,4,3, ,1,i dont jnw,1,1,299251,42153,621,0.50999999,0.66015625
10466,1,0,2,3,1,3, ,2,I dont know,1,1,299251,42153,621,0.50999999,0.66015625
10467,1,1,1,1,4,3, ,1, ,1,2,299251,42153,621,0.50999999,0.66015625
10468,1,1,1,3,1,4, ,1,less than 15000 doller,1,1,299251,42153,621,0.50999999,0.66015625
10469,1,1,2,3,1,4, ,1, ,1,1,299251,42153,621,0.50999999,0.66015625
10470,1,1,2,3,2,4, ,2,More than 100.000€,1,1,299251,42153,621,0.50999999,0.66015625
10471,1,1,2,3,1,3, ,1,n/a,1,1,299251,42153,621,0.50999999,0.66015625
10472,1,1,2,3,1,4, ,2,N/A,1,1,299251,42153,621,0.50999999,0.66015625
10473,1,0,2,3,1,3, ,1,No,1,1,299251,42153,621,0.50999999,0.66015625
10474,1,1,1,1,4,3, ,2,No,1,2,299251,42153,621,0.50999999,0.66015625
10475,1,0,2,3,2,4, ,1,No,1,1,299251,42153,621,0.50999999,0.66015625
10476,1,1,1,2,3,3, ,2,NO,1,2,299251,42153,621,0.50999999,0.66015625
10477,1,1,2,2,4,3, ,1,No entiendo,1,2,299251,42153,621,0.50999999,0.66015625
10478,1,0,3,3,2,3, ,4,no se,1,1,299251,42153,621,0.50999999,0.66015625
10479,1,1,2,3,2,3, ,1,prefer not say,1,1,299251,42153,621,0.50999999,0.66015625
10480,1,0,2,3,2,4, ,1,prefer not to answer,1,1,299251,42153,621,0.50999999,0.66015625
10481,1,1,2,1,3,4, ,1, ,1,2,299251,42153,621,0.50999999,0.66015625
10482,1,1,2,1,3,4, ,2,Unsure,1,2,299251,42153,621,0.50999999,0.66015625
10484,1,0,2,3,2,2, ,1,0, ,1,2234475,119941,362,0.469999999,0.624838293
10485,1,1,2,3,1,3, ,2,0-10000 USD, ,1,2234475,119941,362,0.469999999,0.624838293
10486,1,0,2,2,1,1, ,1,1, ,2,2234475,119941,362,0.469999999,0.624838293
10488,1,0,2,2,3,1, ,1,1, ,2,2234475,119941,362,0.469999999,0.624838293
10508,1,1,1,1,2,1, ,2,2, ,2,2234475,119941,362,0.469999999,0.624838293
10509,1,0,3,2,2,1, ,2,2, ,2,2234475,119941,362,0.469999999,0.624838293
10544,1,0,2,3,1,2, ,3,1, ,1,2234475,119941,362,0.469999999,0.624838293
10545,1,0,2,2,2,2, ,4,1, ,2,2234475,119941,362,0.469999999,0.624838293
10546,1,0,2,1,2,2, ,2,1, ,2,2234475,119941,362,0.469999999,0.624838293
10547,1,1,2,3,3,2, ,2,1, ,1,2234475,119941,362,0.469999999,0.624838293
10580,1,1,2,2,2,2, ,2,2, ,2,2234475,119941,362,0.469999999,0.624838293
10647,1,1,1,3,4,3, ,1,5, ,1,2234475,119941,362,0.469999999,0.624838293
10691,1,0,2,1,3,3, ,1,1, ,2,2234475,119941,362,0.469999999,0.624838293
10692,1,0,2,2,2,3, ,1,1, ,2,2234475,119941,362,0.469999999,0.624838293
10901,1,1,1,3,1,3, ,1,5, ,1,2234475,119941,362,0.469999999,0.624838293
10960,1,1,2,3,2,3, ,2,5000K, ,1,2234475,119941,362,0.469999999,0.624838293
11070,1,1,1,3,1,3, ,1, , ,1,2234475,119941,362,0.469999999,0.624838293
11071,1,1,1,3,1,3, ,1, , ,1,2234475,119941,362,0.469999999,0.624838293
11072,1,1,1,3,1,3, ,2, , ,1,2234475,119941,362,0.469999999,0.624838293
11073,1,1,1,3,2,3, ,2, , ,1,2234475,119941,362,0.469999999,0.624838293
11077,1,0,2,1,2,4, ,1,1, ,2,2234475,119941,362,0.469999999,0.624838293
11320,1,1,2,2,1,1, ,2,2,12,2,83293,4634,58,0,0.983146071
11449,1,1,1,3,4,1, ,2,5,12,1,83293,4634,58,0,0.983146071
11450,1,1,1,3,4,1, ,2,5,12,1,83293,4634,58,0,0.983146071
11493,1,0,2,2,1,2, ,2,3,12,2,83293,4634,58,0,0.983146071
11824,1,1,2,3,2,3, ,1,3,12,1,83293,4634,58,0,0.983146071
12129,1,1,1,2,1,1, ,4,0,2,2,660309,46665,220,0.150000006,0.451882839
12130,1,1,1,2,1,1, ,4,0,2,2,660309,46665,220,0.150000006,0.451882839
12131,1,0,2,2,2,1, ,1,0,2,2,660309,46665,220,0.150000006,0.451882839
12132,1,1,2,3,1,1, ,2,1,2,1,660309,46665,220,0.150000006,0.451882839
12133,1,0,2,3,2,2, ,2,1,2,1,660309,46665,220,0.150000006,0.451882839
12134,1,0,2,3,3,1, ,1,2,2,1,660309,46665,220,0.150000006,0.451882839
12135,1,1,2,3,3,2, ,2,2,2,1,660309,46665,220,0.150000006,0.451882839
12136,1,1,1,2,1,1, ,1,3,2,2,660309,46665,220,0.150000006,0.451882839
12137,1,1,1,2,1,1, ,1,3,2,2,660309,46665,220,0.150000006,0.451882839
12138,1,1,1,2,2,1, ,2,4,2,2,660309,46665,220,0.150000006,0.451882839
12139,1,1,2,3,3,3, ,1,4,2,1,660309,46665,220,0.150000006,0.451882839
12140,1,0,3,3,1,3, ,2,4,2,1,660309,46665,220,0.150000006,0.451882839
12141,1,1,2,3,1,4, ,2,4,2,1,660309,46665,220,0.150000006,0.451882839
12142,1,0,2,3,3,4, ,2,5,2,1,660309,46665,220,0.150000006,0.451882839
12143,1,1,2,2,4,1, ,1,No,2,2,660309,46665,220,0.150000006,0.451882839
12408,1,1,1,3,1,2, ,2,0,2,1,660309,46665,220,0.150000006,0.451882839
12410,1,1,2,1,3,2, ,1,1,2,2,660309,46665,220,0.150000006,0.451882839
12411,1,0,2,3,4,2, ,2,1,2,1,660309,46665,220,0.150000006,0.451882839
12412,1,0,2,3,2,2, ,1,2,2,1,660309,46665,220,0.150000006,0.451882839
12413,1,0,2,3,4,2, ,2,4,2,1,660309,46665,220,0.150000006,0.451882839
12414,1,0,1,3,4,3, ,2,5,2,1,660309,46665,220,0.150000006,0.451882839
12415,1,0,3,3,4,3, ,1,6,2,1,660309,46665,220,0.150000006,0.451882839
12416,1,1,2,2,2,2, ,2,Aphril,2,2,660309,46665,220,0.150000006,0.451882839
12636,1,1,1,1,2,3, ,2,-,2,2,660309,46665,220,0.150000006,0.451882839
12637,1,1,1,2,3,3, ,4,0,2,2,660309,46665,220,0.150000006,0.451882839
12638,1,0,1,3,3,3, ,1,1,2,1,660309,46665,220,0.150000006,0.451882839
12639,1,0,2,3,1,3, ,2,1,2,1,660309,46665,220,0.150000006,0.451882839
12640,1,1,1,3,1,3, ,2,2,2,1,660309,46665,220,0.150000006,0.451882839
12641,1,1,1,3,2,3, ,2,2,2,1,660309,46665,220,0.150000006,0.451882839
12642,1,1,1,3,2,4, ,2,2,2,1,660309,46665,220,0.150000006,0.451882839
12643,1,0,2,3,1,4, ,2,3,2,1,660309,46665,220,0.150000006,0.451882839
12644,1,1,1,1,1,3, ,2,3,2,2,660309,46665,220,0.150000006,0.451882839
12645,1,0,1,3,2,3, ,2,3,2,1,660309,46665,220,0.150000006,0.451882839
12646,1,0,2,3,2,3, ,2,3,2,1,660309,46665,220,0.150000006,0.451882839
12647,1,0,3,3,2,3, ,1,4,2,1,660309,46665,220,0.150000006,0.451882839
12648,1,1,2,1,4,3, ,2,4,2,2,660309,46665,220,0.150000006,0.451882839
12725,1,1,1,1,2,1, ,2, ,6,2,367963,12272,9,0.769999981,0.909703493
12799,1,1,2,1,1,1, ,2, ??? ?????,6,2,367963,12272,9,0.769999981,0.909703493
12808,1,1,2,2,2,1, ,1,4,1,2,367963,12272,9,0.769999981,0.909703493
12810,1,1,2,3,1,1, ,1, ,6,1,367963,12272,9,0.769999981,0.909703493
12812,1,1,2,1,3,2, ,2,5,1,2,367963,12272,9,0.769999981,0.909703493
13245,1,1,2,3,2,4, ,2,5,1,1,367963,12272,9,0.769999981,0.909703493
13364,1,1,2,1,2,3, ,1,50000000,1,2,367963,12272,9,0.769999981,0.909703493
13424,1,0,2,3,1,3, ,1,1,1,1,367963,12272,9,0.769999981,0.909703493
7582,1,1,2,2,1,4, ,1,"$2,300,000", ,2,80412,1674,28,0.419999987,0.912234068
10853,1,1,1,3,2,3, ,1,4, ,1,2234475,119941,362,0.469999999,0.624838293
1,1,1,2,2,1,1,1,1,"$100,000",1,2,99853,8254,219,0.649999976,0.80763793
2,1,1,2,3,1,4,1,1,"$10,000",1,1,99853,8254,219,0.649999976,0.80763793
4,1,1,2,3,1,4,1,2,"$97,069-$150,473",1,1,99853,8254,219,0.649999976,0.80763793
36,1,1,2,3,4,3,1,2,10000,1,1,99853,8254,219,0.649999976,0.80763793
39,1,1,2,3,4,3,1,2,110000,1,1,99853,8254,219,0.649999976,0.80763793
40,1,1,2,3,1,2,1,2,110000,1,1,99853,8254,219,0.649999976,0.80763793
194,1,1,2,3,1,4,1,2,7800,1,1,99853,8254,219,0.649999976,0.80763793
196,1,1,2,1,3,1,1,2,8000,3,2,99853,8254,219,0.649999976,0.80763793
197,1,1,2,3,1,1,1,1,8000,1,1,99853,8254,219,0.649999976,0.80763793
198,1,1,2,2,1,1,1,1,8000,1,2,99853,8254,219,0.649999976,0.80763793
217,1,1,2,3,1,2,2,2,10000,1,1,99853,8254,219,0.649999976,0.80763793
218,1,1,2,1,1,2,2,2,10000,1,2,99853,8254,219,0.649999976,0.80763793
219,1,1,2,3,2,2,2,2,10000,1,1,99853,8254,219,0.649999976,0.80763793
220,1,1,2,3,1,2,2,2,108465,1,1,99853,8254,219,0.649999976,0.80763793
222,1,0,2,2,2,2,2,2,11000,1,2,99853,8254,219,0.649999976,0.80763793
224,1,1,2,3,4,3,2,2,"12,000",1,1,99853,8254,219,0.649999976,0.80763793
225,1,0,2,3,1,3,2,1,12000,1,1,99853,8254,219,0.649999976,0.80763793
226,1,1,2,1,2,2,2,2,12500,1,2,99853,8254,219,0.649999976,0.80763793
232,1,1,2,3,1,4,2,2,150000,1,1,99853,8254,219,0.649999976,0.80763793
233,1,1,2,3,2,3,2,2,150000,1,1,99853,8254,219,0.649999976,0.80763793
234,1,1,2,1,2,2,2,2,159000,1,2,99853,8254,219,0.649999976,0.80763793
313,1,1,2,3,1,4,2,1,8000,3,1,99853,8254,219,0.649999976,0.80763793
314,1,1,2,3,1,2,2,2,8000,1,1,99853,8254,219,0.649999976,0.80763793
321,1,1,2,3,2,2,2,1,under 10k,1,1,99853,8254,219,0.649999976,0.80763793
323,1,1,2,3,2,2,2,2,"$10,000",1,1,99853,8254,219,0.649999976,0.80763793
324,1,1,2,2,2,2,2,2,"$100,000",1,2,99853,8254,219,0.649999976,0.80763793
331,1,1,2,3,1,3,2,2,"$8,000 CAD (net)",1,1,99853,8254,219,0.649999976,0.80763793
342,1,1,2,3,1,4,2,1,"10,000",1,1,99853,8254,219,0.649999976,0.80763793
343,1,1,1,1,2,2,2,2,10.000+,1,2,99853,8254,219,0.649999976,0.80763793
350,1,0,2,3,1,3,2,1,10000,1,1,99853,8254,219,0.649999976,0.80763793
351,1,1,2,2,2,2,2,2,10000,1,2,99853,8254,219,0.649999976,0.80763793
352,1,1,2,3,2,2,2,2,10000,1,1,99853,8254,219,0.649999976,0.80763793
353,1,1,2,3,1,3,2,2,10000,1,1,99853,8254,219,0.649999976,0.80763793
354,1,1,2,3,1,4,2,2,100000,1,1,99853,8254,219,0.649999976,0.80763793
355,1,1,2,3,2,2,2,2,100000,1,1,99853,8254,219,0.649999976,0.80763793
357,1,1,2,3,2,3,2,2,11000,1,1,99853,8254,219,0.649999976,0.80763793
359,1,1,3,3,2,4,2,1,12000,1,1,99853,8254,219,0.649999976,0.80763793
360,1,1,2,3,2,3,2,2,12000,1,1,99853,8254,219,0.649999976,0.80763793
361,1,0,2,3,2,1,2,2,120000,1,1,99853,8254,219,0.649999976,0.80763793
362,1,0,2,3,2,2,2,2,120000,1,1,99853,8254,219,0.649999976,0.80763793
363,1,1,2,3,2,3,2,2,120000,1,1,99853,8254,219,0.649999976,0.80763793
364,1,1,2,3,1,3,2,2,123000,1,1,99853,8254,219,0.649999976,0.80763793
367,1,1,2,1,2,2,2,1,13000,1,2,99853,8254,219,0.649999976,0.80763793
368,1,1,2,2,2,2,2,2,135000,1,2,99853,8254,219,0.649999976,0.80763793
369,1,1,2,3,1,3,2,1,14000,1,1,99853,8254,219,0.649999976,0.80763793
370,1,1,2,3,2,2,2,2,14000,1,1,99853,8254,219,0.649999976,0.80763793
371,1,1,2,2,2,2,2,2,"15,000",1,2,99853,8254,219,0.649999976,0.80763793
372,1,1,2,2,2,2,2,2,"150,000.00",1,2,99853,8254,219,0.649999976,0.80763793
380,1,1,1,3,1,3,2,1,15000,1,1,99853,8254,219,0.649999976,0.80763793
381,1,1,2,2,2,2,2,2,150000,1,2,99853,8254,219,0.649999976,0.80763793
383,1,1,2,3,2,2,2,1,180000,1,1,99853,8254,219,0.649999976,0.80763793
405,1,1,2,3,1,4,2,1,200000,1,1,99853,8254,219,0.649999976,0.80763793
558,1,1,2,3,2,2,2,2,"8,200",3,1,99853,8254,219,0.649999976,0.80763793
559,1,1,2,1,2,2,2,1,8000,3,2,99853,8254,219,0.649999976,0.80763793
560,1,1,2,2,3,2,2,2,8000,3,2,99853,8254,219,0.649999976,0.80763793
561,1,1,2,2,3,2,2,1,8000,3,2,99853,8254,219,0.649999976,0.80763793
562,1,1,2,2,1,2,2,2,8000,1,2,99853,8254,219,0.649999976,0.80763793
